<?xml  version="1.0" encoding="UTF-8"?>
<beans xmlns="http://www.springframework.org/schema/beans"
	xmlns:xsi="http://www.w3.org/2001/XMLSchema-instance"  
	xmlns:context="http://www.springframework.org/schema/context" 
	xmlns:mvc="http://www.springframework.org/schema/mvc"
	xsi:schemaLocation="
        http://www.springframework.org/schema/beans 
        http://www.springframework.org/schema/beans/spring-beans-3.0.xsd
        http://www.springframework.org/schema/context 
        http://www.springframework.org/schema/context/spring-context-3.0.xsd 
        http://www.springframework.org/schema/mvc 
        http://www.springframework.org/schema/mvc/spring-mvc-3.0.xsd">

    <context:annotation-config/>
    <context:component-scan base-package="net.springboot.Application"></context:component-scan>
    
    <bean id="ds" class="org.springframework.jdbc.datasource.DriverManagerDataSource">
    	<property name="driverClassName" value="com.mysql.cj.jdbc.Driver"></property>
    	<property name="url" value="jdbc:mysql://localhost:3306/ProductSpring"></property>
    	<property name="username" value="root"></property>
    	<property name="password" value="spidey2603#"></property>
    </bean>
    
    <bean id="temp" class="org.springframework.jdbc.core.JdbcTemplate">
    	<property name="dataSource" ref="ds"></property>
    </bean>
    
    <bean id="jspviewResolver" 
    class="org.springframework.web.servlet.view.InternalResourceViewResolver">
    	<property name="prefix" value="/WEB-INF/view/"></property>
    	<property name="suffix" value=".jsp"></property>
    </bean>
</beans>